{"spot_diameter_fullres": 94.10411858655434, "tissue_hires_scalef": 0.16164228, "fiducial_diameter_fullres": 152.01434540904933, "tissue_lowres_scalef": 0.048492685}