{"spot_diameter_fullres": 110.8573934855607, "tissue_hires_scalef": 0.13756104, "fiducial_diameter_fullres": 179.07732793821347, "tissue_lowres_scalef": 0.04126831}