{"spot_diameter_fullres": 110.91046812943343, "tissue_hires_scalef": 0.13758944, "fiducial_diameter_fullres": 179.16306390139246, "tissue_lowres_scalef": 0.04127683}