{"spot_diameter_fullres": 93.95926918609176, "tissue_hires_scalef": 0.16236402, "fiducial_diameter_fullres": 151.78035791599436, "tissue_lowres_scalef": 0.048709206}